{"results": {"Popularity": {"Precision@10": 0.05524590163934433, "Recall@10": 0.046923500207104646, "NDCG@10": 0.07253578941014059, "MRR": 0.15942037470725995, "Coverage": 0.011896091284292304, "Novelty": 8.56775276073404, "Diversity": 0.9580852595402689, "RMSE": null, "MAE": null}, "Bayesian Average": {"Precision@10": 0.05229508196721317, "Recall@10": 0.04229773029493433, "NDCG@10": 0.06475301884430681, "MRR": 0.13701990632318506, "Coverage": 0.007526098567613498, "Novelty": 9.003514633044635, "Diversity": 0.9521730275596987, "RMSE": null, "MAE": null}, "User-based CF": {"Precision@10": 0.00901639344262295, "Recall@10": 0.006447180481484278, "NDCG@10": 0.00918508253968555, "MRR": 0.018668358053603947, "Coverage": 0.09504734158776403, "Novelty": 11.077584844498496, "Diversity": 0.9155029197979189, "RMSE": 0.946032654310339, "MAE": 0.7199753983688206}, "Item-based CF": {"Precision@10": 0.02606557377049177, "Recall@10": 0.010925958238821016, "NDCG@10": 0.025842637846565177, "MRR": 0.05286364819151704, "Coverage": 0.11471230881281864, "Novelty": 10.988070485888375, "Diversity": 0.9027425743751675, "RMSE": 0.882867562676262, "MAE": 0.6676052362735614}, "Content-based": {"Precision@10": 0.007213114754098362, "Recall@10": 0.005718467292736785, "NDCG@10": 0.008473958313133117, "MRR": 0.019199843871975014, "Coverage": 0.3805535324107793, "Novelty": 14.57421213310862, "Diversity": 0.21544949511704375, "RMSE": null, "MAE": null}, "Matrix Factorisation (SVD)": {"Precision@10": 0.06393442622950836, "Recall@10": 0.06197563450472524, "NDCG@10": 0.08328134592448247, "MRR": 0.1738927920895135, "Coverage": 0.07198349113862589, "Novelty": 9.531208228506234, "Diversity": 0.9406277161526521, "RMSE": 0.9502755104967325, "MAE": 0.7340042086348291}}, "meta": {"train": 80672, "test": 20164, "testUsers": 610, "k": 10}}